replic,b,a_1,theta_1
1,1.2065435795698882,0.4265722751045472,1.3682768029860932
